{
    "loss": 0.35881510376930237,
    "accuracy": 0.9051724076271057
}